android.support.v4.graphics.drawable,android.support.v4.graphics.drawable
android.support.v4.media,android.support.v4.media
android.support.v4.media.session,android.support.v4.media.session
androidx.activity,com.owncloud.android.syncadapter
androidx.appcompat.app,androidx.appcompat.app
androidx.appcompat.view.menu,androidx.appcompat.view.menu
androidx.appcompat.widget,androidx.appcompat.widget
androidx.browser.browseractions,androidx.browser.browseractions
androidx.browser.customtabs,androidx.browser.customtabs
androidx.browser.trusted,androidx.browser.trusted
androidx.cardview.widget,androidx.cardview.widget
androidx.constraintlayout.helper.widget,androidx.constraintlayout.helper.widget
androidx.constraintlayout.motion.widget,androidx.constraintlayout.motion.widget
androidx.constraintlayout.utils.widget,androidx.constraintlayout.utils.widget
androidx.constraintlayout.widget,androidx.constraintlayout.widget
androidx.coordinatorlayout.widget,androidx.coordinatorlayout.widget
androidx.core.app,androidx.core.service.quicksettings
androidx.core.content,androidx.core.content
androidx.core.graphics.drawable,androidx.fragment
androidx.core.view.insets,androidx.core.view.insets
androidx.core.widget,androidx.core.widget
androidx.drawerlayout.widget,androidx.drawerlayout.widget
androidx.emoji2.emojipicker,androidx.emoji2.emojipicker
androidx.emoji2.text,androidx.emoji2.text
androidx.enterprise.feedback,androidx.enterprise.feedback
androidx.legacy.content,androidx.legacy.content
androidx.legacy.widget,androidx.legacy.widget
androidx.media3.exoplayer.offline,androidx.media3.exoplayer.offline
androidx.media3.exoplayer.scheduler,androidx.media3.exoplayer.scheduler
androidx.media3.exoplayer.video,androidx.core.app.unusedapprestrictions
androidx.media3.exoplayer.video.spherical,androidx.media3.exoplayer.video.spherical
androidx.media3.ui,androidx.media3.ui
androidx.media,androidx.media
androidx.media.session,androidx.media.session
androidx.preference,androidx.preference
androidx.preference.internal,androidx.preference.internal
androidx.profileinstaller,androidx.profileinstaller
androidx.recyclerview.widget,androidx.recyclerview.widget
androidx.slidingpanelayout.widget,androidx.slidingpanelayout.widget
androidx.startup,androidx.startup
androidx.swiperefreshlayout.widget,androidx.swiperefreshlayout.widget
androidx.transition,androidx.transition
androidx.versionedparcelable,androidx.browser.trusted.splashscreens
androidx.viewpager2.widget,androidx.viewpager2.widget
androidx.viewpager.widget,androidx.viewpager.widget
androidx.work,com.owncloud.android.domain.files.model
androidx.work.impl.background.systemalarm,androidx.work.impl.background.systemalarm
androidx.work.impl.constraints.trackers,androidx.work.impl.constraints.trackers
androidx.work.impl.diagnostics,androidx.work.impl.diagnostics
androidx.work.impl.foreground,androidx.work.impl.foreground
androidx.work.impl.workers,androidx.work.impl.workers
com.andrognito.patternlockview,com.andrognito.patternlockview
com.bumptech.glide,com.bumptech.glide
com.bumptech.glide.load,com.bumptech.glide.load
com.bumptech.glide.load.data,com.bumptech.glide.load.data
com.getbase.floatingactionbutton,com.getbase.floatingactionbutton
com.github.chrisbanes.photoview,com.google.android.material.circularreveal.cardview
com.google.android.material.appbar,com.google.android.material.appbar
com.google.android.material.behavior,com.google.android.material.behavior
com.google.android.material.bottomappbar,com.google.android.material.bottomappbar
com.google.android.material.bottomnavigation,com.google.android.material.bottomnavigation
com.google.android.material.bottomsheet,com.google.android.material.bottomsheet
com.google.android.material.button,com.google.android.material.button
com.google.android.material.checkbox,com.google.android.material.checkbox
com.google.android.material.chip,com.google.android.material.chip
com.google.android.material.circularreveal,com.google.android.material.circularreveal
com.google.android.material.circularreveal.coordinatorlayout,com.google.android.material.circularreveal.coordinatorlayout
com.google.android.material.datepicker,com.google.android.material.datepicker
com.google.android.material.divider,com.google.android.material.divider
com.google.android.material.floatingactionbutton,com.google.android.material.floatingactionbutton
com.google.android.material.imageview,com.google.android.material.imageview
com.google.android.material.internal,com.google.android.material.internal
com.google.android.material.materialswitch,com.google.android.material.materialswitch
com.google.android.material.navigation,com.google.android.material.navigation
com.google.android.material.navigationrail,com.google.android.material.navigationrail
com.google.android.material.progressindicator,com.google.android.material.progressindicator
com.google.android.material.radiobutton,com.google.android.material.radiobutton
com.google.android.material.search,com.google.android.material.search
com.google.android.material.sidesheet,com.google.android.material.sidesheet
com.google.android.material.slider,com.google.android.material.slider
com.google.android.material.snackbar,com.google.android.material.snackbar
com.google.android.material.tabs,com.google.android.material.tabs
com.google.android.material.textfield,com.google.android.material.textfield
com.google.android.material.textview,com.google.android.material.textview
com.google.android.material.theme,com.google.android.material.theme
com.google.android.material.timepicker,com.google.android.material.timepicker
com.google.android.material.transformation,com.google.android.material.transformation
com.owncloud.android,com.google.android.material
com.owncloud.android.data,org.checkerframework.checker.calledmethods.qual
com.owncloud.android.lib.resources.appregistry.responses,com.owncloud.android.domain.appregistry.model
com.owncloud.android.lib.resources,kotlin.reflect.jvm.internal.impl.serialization
com.owncloud.android.lib.resources.oauth.responses,com.owncloud.android.domain.authentication.oauth.model
com.owncloud.android.lib.resources.status.responses,com.owncloud.android.domain.capabilities.model
com.owncloud.android.lib.resources.users,com.owncloud.android.lib.common.http.methods.webdav.properties
com.owncloud.android.lib.resources.webfinger.responses,com.owncloud.android.domain.sharing.sharees.model
com.owncloud.android.media,com.owncloud.android.media
com.owncloud.android.presentation.authentication,com.owncloud.android.presentation.authentication
com.owncloud.android.presentation.common,com.owncloud.android.presentation.common
com.owncloud.android.presentation.documentsprovider,com.owncloud.android.presentation.documentsprovider
com.owncloud.android.presentation.files,com.owncloud.android.domain.members.model
com.owncloud.android.presentation.logging,com.owncloud.android.presentation.logging
com.owncloud.android.presentation.settings.privacypolicy,com.owncloud.android.presentation.settings.privacypolicy
com.owncloud.android.services,com.owncloud.android.services
com.owncloud.android.ui.activity,com.owncloud.android.ui.activity
com.owncloud.android.ui,com.owncloud.android.ui
com.owncloud.android.ui.errorhandling,com.owncloud.android.lib.resources.roles
com.owncloud.android.ui.preview,com.owncloud.android.ui.preview
com.owncloud.android.wizard,com.owncloud.android.wizard
com.owncloud.android.workers,androidx.browser
(default),com.google.common.collect
kotlin.jvm.internal,androidx.activity.ktx
kotlin,org.checkerframework.checker.lock.qual
old_package,new_package
org.koin.android.scope,kotlin.jvm.jdk8
third_parties.in.srain.cube,third_parties.in.srain.cube
